"","V1","V2","V3","V4","V5","V6","V7","V8","V9","V10","V11","V12","V13","V14","V15","V16","V17","V18","V19","V20","V21","V22","V23","V24","V25","V26","V27","V28","V29","V30","V31","V32","V33","V34","V35","V36","V37","V38","V39","V40"
"1",0.000131995776135164,0.37785110876452,0.000131995776135164,0.000237592397043295,0.000131995776135164,0.000765575501583949,0.000448785638859557,0.000448785638859557,0.000131995776135164,0.000343189017951426,0.000131995776135164,0.000448785638859557,0.101187961985216,0.000131995776135164,0.000131995776135164,0.000237592397043295,0.065285110876452,0.000131995776135164,0.000237592397043295,0.00498944033790919,0.0463833157338965,0.382497360084477,0.000237592397043295,0.0128035902851109,0.000237592397043295,0.000448785638859557,0.000237592397043295,0.000343189017951426,0.000237592397043295,0.000131995776135164,0.000131995776135164,0.000237592397043295,0.000237592397043295,0.000131995776135164,0.000237592397043295,0.000448785638859557,0.000131995776135164,0.000237592397043295,0.000765575501583949,0.000343189017951426
"2",0.000343225261379237,0.00076565635230753,0.000448833034111311,0.00118808744323582,0.000237617488647164,0.000237617488647164,0.000343225261379237,0.000237617488647164,0.000132009715915091,0.000660048579575457,0.00108247967050375,0.000554440806843384,0.0407910022177632,0.00192734185236033,0.000343225261379237,0.000132009715915091,0.467974442918999,0.000871264125039603,0.000343225261379237,0.000237617488647164,0.000554440806843384,0.465651071918893,0.000660048579575457,0.00171612630689619,0.00308902735241314,0.000237617488647164,0.000448833034111311,0.000448833034111311,0.000448833034111311,0.000237617488647164,0.000237617488647164,0.000343225261379237,0.000660048579575457,0.00139930298869997,0.000554440806843384,0.000343225261379237,0.000237617488647164,0.000132009715915091,0.000132009715915091,0.0036170662160735
"3",0.00012954710332677,0.000233184785988185,0.00116592392994093,0.000233184785988185,0.000440460151311017,0.00012954710332677,0.00012954710332677,0.00012954710332677,0.000751373199295264,0.000233184785988185,0.00116592392994093,0.000440460151311017,0.00147683697792517,0.000544097833972432,0.000233184785988185,0.000958648564618095,0.00178775002590942,0.00178775002590942,0.000233184785988185,0.619779251735931,0.000440460151311017,0.35757591460255,0.000544097833972432,0.000233184785988185,0.00012954710332677,0.000647735516633848,0.00012954710332677,0.000751373199295264,0.000751373199295264,0.000751373199295264,0.00012954710332677,0.000544097833972432,0.00012954710332677,0.000440460151311017,0.000751373199295264,0.000544097833972432,0.000544097833972432,0.000233184785988185,0.000958648564618095,0.00178775002590942
"4",0.000234423838299646,0.00242237966242967,0.000234423838299646,0.000234423838299646,0.000234423838299646,0.00127630756407585,0.000234423838299646,0.000234423838299646,0.000234423838299646,0.000442800583454886,0.000234423838299646,0.000130235465722025,0.00158887268180871,0.000234423838299646,0.000338612210877266,0.000130235465722025,0.000859554073765368,0.00346426338820588,0.000546988956032507,0.590565742863096,0.00388101687851636,0.382605751198166,0.000442800583454886,0.000130235465722025,0.000234423838299646,0.000963742446342988,0.000338612210877266,0.000546988956032507,0.000338612210877266,0.000234423838299646,0.000338612210877266,0.000338612210877266,0.000234423838299646,0.000442800583454886,0.000234423838299646,0.000755365701187747,0.000130235465722025,0.00127630756407585,0.000755365701187747,0.00190143779954157
"5",0.000133962061944057,0.000562640660165041,0.000348301361054549,0.000669810309720287,0.000562640660165041,0.000884149608830779,0.000348301361054549,0.000669810309720287,0.000884149608830779,0.000348301361054549,0.000241131711499303,0.000348301361054549,0.436528775050906,0.000884149608830779,0.00249169435215947,0.000776979959275533,0.022746758118101,0.00109848890794127,0.000348301361054549,0.000348301361054549,0.000776979959275533,0.517013181866895,0.000348301361054549,0.000241131711499303,0.00217018540349373,0.000241131711499303,0.000241131711499303,0.000348301361054549,0.000455471010609795,0.000562640660165041,0.000133962061944057,0.000562640660165041,0.000241131711499303,0.000348301361054549,0.00109848890794127,0.00206301575393848,0.000776979959275533,0.000348301361054549,0.000241131711499303,0.000562640660165041
"6",0.000215455328928469,0.0812266590060328,0.00011969740496026,0.000598487024801302,0.000406971176864886,0.00011969740496026,0.00011969740496026,0.000598487024801302,0.00155606626448339,0.000502729100833094,0.000311213252896677,0.000406971176864886,0.00117303456861055,0.00462031983146605,0.00232212965622905,0.000215455328928469,0.428349133390788,0.000406971176864886,0.000311213252896677,0.0188882505027291,0.00270516135210189,0.445489801781097,0.000311213252896677,0.000694244948769511,0.000502729100833094,0.000215455328928469,0.000502729100833094,0.000502729100833094,0.000790002872737719,0.000406971176864886,0.00011969740496026,0.000694244948769511,0.00011969740496026,0.00155606626448339,0.000694244948769511,0.000311213252896677,0.000215455328928469,0.000694244948769511,0.000406971176864886,0.000598487024801302
"7",0.000807259770626879,0.000473221244850239,0.000584567420109119,0.0001391827190736,0.0001391827190736,0.000695913595367999,0.0001391827190736,0.00025052889433248,0.000473221244850239,0.0001391827190736,0.000807259770626879,0.00036187506959136,0.0116078387707382,0.000807259770626879,0.00247745239951008,0.00036187506959136,0.504982741342835,0.000584567420109119,0.00136399064692128,0.00158668299743904,0.00158668299743904,0.432719073599822,0.000584567420109119,0.00025052889433248,0.00036187506959136,0.000584567420109119,0.0001391827190736,0.00025052889433248,0.00036187506959136,0.00036187506959136,0.000584567420109119,0.0001391827190736,0.000918605945885759,0.0299799576884534,0.0001391827190736,0.00036187506959136,0.000473221244850239,0.00102995212114464,0.0001391827190736,0.00025052889433248
"8",0.00294391978547278,0.000728693016206133,0.00387664684621663,0.0112218724495744,0.00049551125102017,0.00107846566398508,0.00189460184213595,0.00224437448991489,0.00574210096770433,0.00131164742917104,0.000262329485834208,0.000728693016206133,0.000961874781392095,0.00166142007694998,0.00131164742917104,0.00189460184213595,0.00445960125918153,0.208260464031713,0.00107846566398508,0.426168823597995,0.00224437448991489,0.298851579806459,0.00294391978547278,0.00224437448991489,0.00049551125102017,0.00049551125102017,0.000845283898799114,0.000612102133613151,0.000378920368427189,0.00655823714585519,0.000145738603241227,0.000612102133613151,0.00142823831176402,0.000262329485834208,0.00049551125102017,0.000145738603241227,0.00177801095954296,0.000378920368427189,0.000145738603241227,0.000612102133613151
"9",0.000920401167957344,0.000539545512250857,0.00015868985654437,0.00117430493842834,0.000285641741779865,0.000666497397486353,0.000412593627015361,0.000412593627015361,0.000285641741779865,0.00130125682366383,0.00015868985654437,0.00015868985654437,0.448679700393551,0.000285641741779865,0.00015868985654437,0.000285641741779865,0.0725212644407769,0.00155516059413482,0.000285641741779865,0.00130125682366383,0.000920401167957344,0.455027294655326,0.000539545512250857,0.000793449282721848,0.00015868985654437,0.000412593627015361,0.000539545512250857,0.00015868985654437,0.000285641741779865,0.00117430493842834,0.000412593627015361,0.000412593627015361,0.000666497397486353,0.00155516059413482,0.00244382379078329,0.00104735305319284,0.000285641741779865,0.000666497397486353,0.000285641741779865,0.000666497397486353
"10",0.000447494033412888,0.0626988862370724,0.000845266507557677,0.000646380270485282,0.00104415274463007,0.000646380270485282,0.000248607796340493,0.00124303898170247,0.346310660302307,0.000646380270485282,0.000248607796340493,0.00124303898170247,0.000447494033412888,0.00124303898170247,0.00164081145584726,0.000248607796340493,0.0794053301511535,0.0730409705648369,0.00183969769291965,0.0368436754176611,0.000248607796340493,0.374950278440732,0.000447494033412888,0.000447494033412888,0.000248607796340493,0.000248607796340493,0.000447494033412888,0.00164081145584726,0.000248607796340493,0.000845266507557677,0.000248607796340493,0.00144192521877486,0.00124303898170247,0.00283412887828162,0.000248607796340493,0.000845266507557677,0.000447494033412888,0.000447494033412888,0.000248607796340493,0.00124303898170247
"11",0.00385135135135135,0.00168918918918919,0.00277027027027027,0.00844594594594595,0.000878378378378378,0.00114864864864865,0.00655405405405405,0.00277027027027027,0.00439189189189189,0.00331081081081081,0.0025,0.0119594594594595,0.000878378378378378,0.00114864864864865,0.000608108108108108,0.000608108108108108,0.00358108108108108,0.270067567567568,0.0052027027027027,0.294391891891892,0.000337837837837838,0.326013513513513,0.00277027027027027,0.000878378378378378,0.00304054054054054,0.00385135135135135,0.0108783783783784,0.00168918918918919,0.000608108108108108,0.0025,0.000878378378378378,0.0025,0.000878378378378378,0.00114864864864865,0.00141891891891892,0.00277027027027027,0.00817567567567568,0.00114864864864865,0.00141891891891892,0.000337837837837838
"12",0.00429443498012493,0.00145513912549688,0.00216496308915389,0.0116766042021579,0.0024488926746167,0.00216496308915389,0.00202299829642249,0.0025908574673481,0.00599801249290176,0.00642390687109597,0.000177455990914253,0.000887279954571266,0.00230692788188529,0.000745315161839864,0.000319420783645656,0.000603350369108461,0.000603350369108461,0.487116695059625,0.000603350369108461,0.00230692788188529,0.000461385576377058,0.421245031232254,0.00159710391822828,0.0024488926746167,0.00117120954003407,0.000887279954571266,0.00117120954003407,0.000745315161839864,0.00188103350369108,0.000461385576377058,0.000177455990914253,0.00173906871095968,0.00117120954003407,0.000745315161839864,0.0224659284497445,0.00145513912549688,0.000177455990914253,0.00102924474730267,0.000887279954571266,0.00117120954003407
"13",0.00104665071770335,0.000448564593301435,0.00064792663476874,0.00941985645933014,0.0030402711323764,0.000847288676236045,0.00144537480063796,0.00064792663476874,0.00164473684210526,0.00104665071770335,0.00064792663476874,0.000847288676236045,0.00184409888357257,0.00064792663476874,0.00503389154704944,0.000847288676236045,0.000249202551834131,0.356708532695375,0.000249202551834131,0.00363835725677831,0.00144537480063796,0.329196570972887,0.00264154704944179,0.00264154704944179,0.000847288676236045,0.00064792663476874,0.00104665071770335,0.257824960127592,0.00144537480063796,0.00144537480063796,0.000249202551834131,0.00184409888357257,0.000249202551834131,0.0030402711323764,0.000249202551834131,0.000249202551834131,0.00284090909090909,0.00064792663476874,0.000249202551834131,0.000249202551834131
"14",0.00138717632552404,0.00385326757090012,0.00878545006165228,0.0124845869297164,0.00200369913686806,0.0063193588162762,0.00262022194821208,0.00693588162762022,0.00262022194821208,0.00138717632552404,0.00138717632552404,0.00693588162762022,0.00508631319358816,0.0032367447595561,0.00508631319358816,0.00200369913686806,0.0433107274969174,0.0112515413070284,0.00138717632552404,0.00385326757090012,0.0063193588162762,0.526048088779285,0.00138717632552404,0.0094019728729963,0.0063193588162762,0.00816892725030826,0.00262022194821208,0.00262022194821208,0.000770653514180025,0.000770653514180025,0.000770653514180025,0.000770653514180025,0.00200369913686806,0.223335388409371,0.00755240443896424,0.00262022194821208,0.0032367447595561,0.00570283600493218,0.00200369913686806,0.0556411837237978
"15",0.00244861913937058,0.00228805394990366,0.00196692357096981,0.0175417469492614,0.000361271676300578,0.00132466281310212,0.000521836865767502,0.000842967244701349,0.00100353243416827,0.000200706486833654,0.00694444444444444,0.000200706486833654,0.000361271676300578,0.00293031470777136,0.000521836865767502,0.00148522800256904,0.00132466281310212,0.556719653179191,0.000200706486833654,0.000682402055234425,0.000361271676300578,0.368216120745022,0.000361271676300578,0.00100353243416827,0.00180635838150289,0.00196692357096981,0.00100353243416827,0.000200706486833654,0.00228805394990366,0.00293031470777136,0.000361271676300578,0.0038937058445729,0.000521836865767502,0.00549935773924213,0.00244861913937058,0.000842967244701349,0.000842967244701349,0.00180635838150289,0.00180635838150289,0.00196692357096981
"16",0.0062862669245648,0.00241779497098646,0.0062862669245648,0.0178916827852998,0.00241779497098646,0.00241779497098646,0.00241779497098646,0.00435203094777563,0.0101547388781431,0.0120889748549323,0.0062862669245648,0.255802707930368,0.0101547388781431,0.0062862669245648,0.00822050290135396,0.00241779497098646,0.0101547388781431,0.0256286266924565,0.00822050290135396,0.0159574468085106,0.00241779497098646,0.41247582205029,0.00241779497098646,0.0062862669245648,0.00241779497098646,0.00435203094777563,0.00241779497098646,0.00241779497098646,0.00241779497098646,0.00241779497098646,0.00435203094777563,0.0159574468085106,0.00435203094777563,0.0062862669245648,0.0817214700193424,0.0120889748549323,0.00435203094777563,0.00435203094777563,0.00435203094777563,0.0062862669245648
"17",0.0108695652173913,0.0282608695652174,0.0108695652173913,0.0369565217391304,0.0108695652173913,0.0108695652173913,0.0108695652173913,0.0108695652173913,0.0282608695652174,0.0108695652173913,0.0282608695652174,0.0108695652173913,0.0717391304347826,0.0108695652173913,0.0195652173913043,0.0108695652173913,0.0195652173913043,0.0195652173913043,0.0108695652173913,0.0282608695652174,0.0108695652173913,0.193478260869565,0.0108695652173913,0.0195652173913043,0.0195652173913043,0.0108695652173913,0.0108695652173913,0.0108695652173913,0.0108695652173913,0.0108695652173913,0.0108695652173913,0.0195652173913043,0.0108695652173913,0.0195652173913043,0.0195652173913043,0.106521739130435,0.0108695652173913,0.0282608695652174,0.0369565217391304,0.0282608695652174
"18",0.00919117647058824,0.00919117647058824,0.00919117647058824,0.00919117647058824,0.00919117647058824,0.00919117647058824,0.0165441176470588,0.0165441176470588,0.0165441176470588,0.00919117647058824,0.0165441176470588,0.0238970588235294,0.0533088235294118,0.0165441176470588,0.00919117647058824,0.00919117647058824,0.0238970588235294,0.0459558823529412,0.00919117647058824,0.0165441176470588,0.00919117647058824,0.200367647058824,0.0386029411764706,0.03125,0.0165441176470588,0.00919117647058824,0.0238970588235294,0.0238970588235294,0.0165441176470588,0.0165441176470588,0.00919117647058824,0.0238970588235294,0.0238970588235294,0.0165441176470588,0.0533088235294118,0.0827205882352941,0.0165441176470588,0.00919117647058824,0.00919117647058824,0.03125
"19",0.00718849840255591,0.00207667731629393,0.000798722044728434,0.0519169329073482,0.00271565495207668,0.00143769968051118,0.00718849840255591,0.00207667731629393,0.00399361022364217,0.000798722044728434,0.00271565495207668,0.000798722044728434,0.00271565495207668,0.00271565495207668,0.0167731629392971,0.00399361022364217,0.0103833865814696,0.108785942492013,0.00143769968051118,0.00207667731629393,0.00335463258785942,0.580990415335463,0.00207667731629393,0.00591054313099042,0.00271565495207668,0.00271565495207668,0.00143769968051118,0.000798722044728434,0.00271565495207668,0.00143769968051118,0.00207667731629393,0.0129392971246006,0.00335463258785942,0.104952076677316,0.0244408945686901,0.00335463258785942,0.00846645367412141,0.00143769968051118,0.000798722044728434,0.00143769968051118
"20",0.00225631768953069,0.0203068592057762,0.00406137184115523,0.00406137184115523,0.00586642599277978,0.00586642599277978,0.00406137184115523,0.00406137184115523,0.00406137184115523,0.00225631768953069,0.00406137184115523,0.00225631768953069,0.00406137184115523,0.00406137184115523,0.0166967509025271,0.00767148014440433,0.00406137184115523,0.0672382671480144,0.00586642599277978,0.0257220216606498,0.00586642599277978,0.464350180505415,0.00225631768953069,0.0239169675090253,0.00225631768953069,0.00406137184115523,0.00406137184115523,0.00225631768953069,0.00225631768953069,0.00225631768953069,0.00406137184115523,0.235108303249097,0.00767148014440433,0.00767148014440433,0.00225631768953069,0.00406137184115523,0.00586642599277978,0.0148916967509025,0.00406137184115523,0.00225631768953069
"21",0.00126800568066545,0.00025360113613309,0.000456482045039562,0.00999188476364374,0.00025360113613309,0.000659362953946034,0.000659362953946034,0.000456482045039562,0.000456482045039562,0.00106512477175898,0.00025360113613309,0.000659362953946034,0.000456482045039562,0.00167376749847839,0.000659362953946034,0.00126800568066545,0.000862243862852506,0.0254108338405356,0.00025360113613309,0.0207445729356868,0.000456482045039562,0.460793264353824,0.00106512477175898,0.00167376749847839,0.00167376749847839,0.00025360113613309,0.00025360113613309,0.00025360113613309,0.00025360113613309,0.00025360113613309,0.00025360113613309,0.454909717995537,0.000659362953946034,0.00106512477175898,0.00207952931629134,0.000862243862852506,0.00106512477175898,0.000456482045039562,0.000862243862852506,0.0030939338608237
"22",0.000497583167472277,0.00125580513695384,0.000118472182731495,0.00637380343095441,0.000308027675101886,0.00021324992891669,0.000308027675101886,0.000118472182731495,0.000592360913657473,0.000592360913657473,0.000497583167472277,0.000118472182731495,0.000497583167472277,0.00106624964458345,0.015377689318548,0.000118472182731495,0.00172969386787982,0.00315136006065776,0.000402805421287082,0.00087669415221306,0.0266562411145863,0.579400056866648,0.00021324992891669,0.000687138659842669,0.353449909961141,0.000308027675101886,0.000308027675101886,0.000118472182731495,0.000402805421287082,0.000687138659842669,0.000118472182731495,0.000402805421287082,0.000118472182731495,0.000497583167472277,0.000308027675101886,0.000592360913657473,0.00021324992891669,0.00021324992891669,0.000497583167472277,0.000592360913657473
"23",0.000560538116591928,0.00280269058295964,0.0023542600896861,0.398766816143498,0.00100896860986547,0.00145739910313901,0.00683856502242152,0.00145739910313901,0.00145739910313901,0.00145739910313901,0.00414798206278027,0.00190582959641256,0.000560538116591928,0.00100896860986547,0.00369955156950673,0.000560538116591928,0.00190582959641256,0.0126681614349776,0.00145739910313901,0.00594170403587444,0.000560538116591928,0.486659192825112,0.00773542600896861,0.00190582959641256,0.00190582959641256,0.011322869955157,0.0023542600896861,0.000560538116591928,0.00145739910313901,0.0104260089686099,0.00100896860986547,0.00280269058295964,0.00100896860986547,0.00280269058295964,0.00639013452914798,0.00280269058295964,0.00280269058295964,0.00145739910313901,0.000560538116591928,0.00145739910313901
"24",0.000603281853281853,0.00542953667953668,0.00156853281853282,0.00156853281853282,0.00108590733590734,0.00108590733590734,0.00156853281853282,0.000603281853281853,0.000603281853281853,0.000603281853281853,0.00398166023166023,0.0020511583011583,0.000603281853281853,0.00253378378378378,0.000603281853281853,0.000603281853281853,0.0232866795366795,0.0102557915057915,0.000603281853281853,0.0739623552123552,0.00108590733590734,0.426278957528958,0.00156853281853282,0.00108590733590734,0.000603281853281853,0.00253378378378378,0.00108590733590734,0.000603281853281853,0.000603281853281853,0.000603281853281853,0.00108590733590734,0.00108590733590734,0.00108590733590734,0.00398166023166023,0.000603281853281853,0.419039575289575,0.0020511583011583,0.000603281853281853,0.000603281853281853,0.000603281853281853
"25",0.000103528242504555,0.000103528242504555,0.000186350836508199,0.000269173430511844,0.000103528242504555,0.000351996024515488,0.000269173430511844,0.000351996024515488,0.000269173430511844,0.000103528242504555,0.000103528242504555,0.000186350836508199,0.00101457677654464,0.413968030478715,0.0266067583236707,0.000103528242504555,0.000351996024515488,0.000434818618519132,0.000766108994533709,0.000186350836508199,0.00714344873281431,0.539030147424217,0.000103528242504555,0.00275385125062117,0.00109739937054829,0.000269173430511844,0.000434818618519132,0.000186350836508199,0.000351996024515488,0.000103528242504555,0.000186350836508199,0.000351996024515488,0.000186350836508199,0.000766108994533709,0.000269173430511844,0.000103528242504555,0.000103528242504555,0.000186350836508199,0.000269173430511844,0.000269173430511844
"26",9.19185234208398e-05,0.000459592617104199,0.000459592617104199,0.00237149790425767,0.000238988160894183,9.19185234208398e-05,0.000238988160894183,0.000238988160894183,0.000312522979630855,0.00112140598573425,0.000312522979630855,9.19185234208398e-05,0.000606662254577542,0.000312522979630855,0.0144312081770718,0.000386057798367527,0.00156261489815428,0.00200382381057431,0.000165453342157512,9.19185234208398e-05,0.00325391572909773,0.501305243032576,0.000312522979630855,0.000827266710787558,0.000533127435840871,0.000533127435840871,0.000459592617104199,9.19185234208398e-05,0.000165453342157512,0.000386057798367527,9.19185234208398e-05,0.000680197073314214,9.19185234208398e-05,0.00612177365982793,0.000312522979630855,0.000238988160894183,0.000238988160894183,0.000238988160894183,9.19185234208398e-05,0.458434443709096
"27",0.00207710202725158,0.343386507145231,0.000415420405450316,0.00240943835161183,0.000415420405450316,0.00108009305417082,0.000415420405450316,0.00141242937853107,0.00772681954137587,0.000415420405450316,0.00108009305417082,0.00207710202725158,0.000747756729810568,0.000747756729810568,0.00141242937853107,0.000747756729810568,0.11806247922898,0.0186939182452642,0.000747756729810568,0.0486041874376869,0.00872382851445663,0.415835825855766,0.000415420405450316,0.00108009305417082,0.00407111997341309,0.00174476570289133,0.000747756729810568,0.000747756729810568,0.000747756729810568,0.000415420405450316,0.000415420405450316,0.0054004652708541,0.000747756729810568,0.00108009305417082,0.000747756729810568,0.000747756729810568,0.000415420405450316,0.000415420405450316,0.00240943835161183,0.000415420405450316
"28",0.000160714285714286,0.000232142857142857,0.000517857142857143,0.000875,0.000303571428571429,8.92857142857143e-05,0.000660714285714286,0.000375,0.000517857142857143,0.000732142857142857,8.92857142857143e-05,0.000303571428571429,0.000732142857142857,0.00158928571428571,0.00144642857142857,0.000160714285714286,0.00108928571428571,0.001375,0.000446428571428571,0.000375,0.00423214285714286,0.541160714285714,0.000232142857142857,0.435089285714286,0.00173214285714286,0.000589285714285714,0.000517857142857143,8.92857142857143e-05,0.000303571428571429,8.92857142857143e-05,8.92857142857143e-05,0.000875,0.000589285714285714,0.000517857142857143,0.000517857142857143,0.000232142857142857,0.000160714285714286,0.000160714285714286,0.000589285714285714,0.000160714285714286
"29",0.00919439579684764,0.00394045534150613,0.00218914185639229,0.103765323992995,0.00218914185639229,0.0109457092819615,0.0074430823117338,0.0074430823117338,0.016199649737303,0.00218914185639229,0.0144483362521891,0.00569176882661997,0.0109457092819615,0.00569176882661997,0.016199649737303,0.0074430823117338,0.00218914185639229,0.0109457092819615,0.00919439579684764,0.00569176882661997,0.00218914185639229,0.455779334500876,0.0126970227670753,0.0144483362521891,0.00218914185639229,0.00394045534150613,0.00394045534150613,0.00218914185639229,0.00394045534150613,0.00394045534150613,0.00218914185639229,0.0704903677758319,0.00569176882661997,0.016199649737303,0.0932574430823117,0.00394045534150613,0.00218914185639229,0.00569176882661997,0.00394045534150613,0.037215411558669
"30",0.0085,0.0325,0.0025,0.0045,0.0025,0.0025,0.0025,0.0025,0.0065,0.0065,0.0025,0.0125,0.0045,0.0025,0.0325,0.0065,0.0085,0.0025,0.0045,0.0145,0.0045,0.4625,0.0025,0.0025,0.0065,0.0025,0.0065,0.0045,0.0045,0.0045,0.0045,0.0025,0.0025,0.2805,0.0025,0.0045,0.0065,0.0025,0.0025,0.0285
"31",0.00156929019797199,0.00156929019797199,0.00253500724287784,0.0426122646064703,0.0039835828102366,0.00108643167551907,0.00108643167551907,0.0112264606470304,0.0039835828102366,0.013640753259295,0.00156929019797199,0.000603573153066152,0.0141236117817479,0.000603573153066152,0.0102607436021246,0.0039835828102366,0.0527522935779817,0.0146064703042009,0.00108643167551907,0.000603573153066152,0.00494929985514244,0.537542250120715,0.00350072428778368,0.00108643167551907,0.00688073394495413,0.00253500724287784,0.163809753742154,0.00205214872042492,0.000603573153066152,0.000603573153066152,0.000603573153066152,0.00350072428778368,0.00108643167551907,0.0377836793819411,0.00688073394495413,0.00108643167551907,0.00205214872042492,0.0039835828102366,0.0039835828102366,0.031989377112506
"32",0.00171675404267887,0.000313815255113343,0.00112604297423023,0.0284464298899801,0.00149523739201063,9.22986044451008e-05,0.00171675404267887,0.000609170789337665,0.000387654138669423,0.218064682861995,0.00282433729602008,0.000535331905781585,0.000830687440005907,0.00149523739201063,0.00311969283024441,0.000166137488001181,0.00954367569962342,0.00622092593959979,0.000978365207118068,0.00119988185778631,9.22986044451008e-05,0.550339658864358,0.00164291515912279,0.000535331905781585,0.00873144798050654,0.000166137488001181,0.000387654138669423,0.00127372074134239,0.00179059292623496,0.00223362622757144,9.22986044451008e-05,0.00304585394668833,0.00149523739201063,0.0810935538654656,0.0289633020748726,0.000830687440005907,0.000609170789337665,0.000535331905781585,0.00319353171380049,0.032064535184228
"33",7.63125763125763e-05,0.000686813186813187,7.63125763125763e-05,0.00447191697191697,0.000198412698412698,0.000137362637362637,0.00105311355311355,0.000992063492063492,0.000381562881562882,7.63125763125763e-05,7.63125763125763e-05,0.000259462759462759,0.00550976800976801,0.000381562881562882,0.000137362637362637,0.000137362637362637,0.0323107448107448,0.00154151404151404,0.000198412698412698,0.00111416361416361,0.00111416361416361,0.52748778998779,0.000808913308913309,0.000381562881562882,0.00434981684981685,0.000137362637362637,0.000442612942612943,0.000808913308913309,0.000198412698412698,0.000625763125763126,0.000320512820512821,0.000198412698412698,0.00086996336996337,0.403189865689866,0.00233516483516484,0.000320512820512821,0.000259462759462759,0.000198412698412698,0.000442612942612943,0.00569291819291819
"34",0.00148960906844935,0.000472315070483941,0.000472315070483941,0.118187763406482,0.000181659642493824,0.000472315070483941,0.000472315070483941,0.000472315070483941,0.00236157535241971,0.000908298212469118,0.000181659642493824,0.000181659642493824,0.00119895364045924,0.000326987356488882,0.000908298212469118,0.217882575207092,0.000617642784479,0.0322990844354018,0.00105362592646418,0.000617642784479,0.000762970498474059,0.553444266821683,0.00207091992442959,0.00134428135445429,0.00148960906844935,0.00178026449643947,0.000908298212469118,0.00207091992442959,0.000181659642493824,0.000472315070483941,0.000326987356488882,0.00207091992442959,0.000472315070483941,0.00192559221043453,0.0431986629850312,0.000762970498474059,0.000617642784479,0.00294288620839994,0.00163493678244441,0.000762970498474059
"35",0.00147232037691402,0.0167844522968198,0.00147232037691402,0.00736160188457008,0.0085394581861013,0.00147232037691402,0.00618374558303887,0.00382803297997644,0.00147232037691402,0.0238515901060071,0.00382803297997644,0.00147232037691402,0.00147232037691402,0.00500588928150766,0.017962308598351,0.0085394581861013,0.00147232037691402,0.0120730270906949,0.00382803297997644,0.00971731448763251,0.0132508833922261,0.494994110718492,0.00265017667844523,0.00382803297997644,0.0603651354534747,0.0085394581861013,0.00971731448763251,0.00382803297997644,0.00382803297997644,0.00618374558303887,0.00147232037691402,0.00382803297997644,0.0156065959952886,0.146348645465253,0.00736160188457008,0.00265017667844523,0.00265017667844523,0.00147232037691402,0.00147232037691402,0.0721436984687868
"36",0.00726495726495727,0.00726495726495727,0.00384615384615385,0.0175213675213675,0.00384615384615385,0.00555555555555556,0.00384615384615385,0.00213675213675214,0.164529914529915,0.00384615384615385,0.00213675213675214,0.00213675213675214,0.0226495726495726,0.00213675213675214,0.00384615384615385,0.00384615384615385,0.00726495726495727,0.0141025641025641,0.00213675213675214,0.0807692307692308,0.00213675213675214,0.448290598290598,0.00555555555555556,0.00213675213675214,0.0158119658119658,0.00213675213675214,0.00384615384615385,0.00213675213675214,0.00897435897435897,0.00213675213675214,0.00213675213675214,0.00555555555555556,0.00384615384615385,0.05,0.0517094017094017,0.00213675213675214,0.0106837606837607,0.00384615384615385,0.00213675213675214,0.0141025641025641
"37",0.000274056029232643,0.000152253349573691,0.000152253349573691,0.000274056029232643,0.000152253349573691,0.000761266747868453,0.000395858708891596,0.000395858708891596,0.000395858708891596,0.000274056029232643,0.000152253349573691,0.000761266747868453,0.000639464068209501,0.000395858708891596,0.000395858708891596,0.000883069427527406,0.025,0.000517661388550548,0.000152253349573691,0.0133069427527406,0.493087697929354,0.450943970767357,0.000152253349573691,0.000639464068209501,0.00344092570036541,0.00124847746650426,0.000274056029232643,0.000274056029232643,0.000274056029232643,0.000395858708891596,0.000274056029232643,0.000152253349573691,0.000274056029232643,0.00112667478684531,0.000395858708891596,0.000395858708891596,0.000395858708891596,0.000152253349573691,0.000152253349573691,0.000517661388550548
"38",0.000171679714324955,0.000446367257244884,0.000721054800164812,0.000446367257244884,0.000171679714324955,0.202204367531932,0.000446367257244884,0.000171679714324955,0.00030902348578492,0.000171679714324955,0.00030902348578492,0.000171679714324955,0.120896854827634,0.000446367257244884,0.000446367257244884,0.000583711028704848,0.042198873781074,0.000583711028704848,0.000583711028704848,0.0240694959483587,0.0531863754978712,0.543228952067024,0.000446367257244884,0.00291855514352424,0.000171679714324955,0.000171679714324955,0.00030902348578492,0.000171679714324955,0.00030902348578492,0.000171679714324955,0.00030902348578492,0.000171679714324955,0.000721054800164812,0.000583711028704848,0.00030902348578492,0.00030902348578492,0.000171679714324955,0.000171679714324955,0.000446367257244884,0.000171679714324955
"39",0.00146438612933458,0.000761480787253983,0.000761480787253983,0.00333880037488285,0.000292877225866917,0.00146438612933458,0.00123008434864105,0.00052717900656045,0.00123008434864105,0.00193298969072165,0.000292877225866917,0.00052717900656045,0.000761480787253983,0.00497891283973758,0.00216729147141518,0.00146438612933458,0.0122422680412371,0.032860824742268,0.00123008434864105,0.0822985004686036,0.00755623242736645,0.582298500468604,0.000292877225866917,0.0127108716026242,0.000292877225866917,0.00146438612933458,0.000292877225866917,0.00146438612933458,0.000292877225866917,0.000292877225866917,0.00052717900656045,0.00638472352389878,0.221942361761949,0.00661902530459231,0.00146438612933458,0.000761480787253983,0.000292877225866917,0.000761480787253983,0.00052717900656045,0.00193298969072165
"40",0.0040260736196319,0.000958588957055215,0.000958588957055215,0.0216641104294479,0.00479294478527607,0.00325920245398773,0.00555981595092025,0.0109279141104294,0.00172546012269939,0.0193634969325153,0.0162960122699386,0.00249233128834356,0.00555981595092025,0.00172546012269939,0.00786042944785276,0.00479294478527607,0.00172546012269939,0.00479294478527607,0.0185966257668712,0.000958588957055215,0.00249233128834356,0.560774539877301,0.0040260736196319,0.00709355828220859,0.00325920245398773,0.0040260736196319,0.00325920245398773,0.000958588957055215,0.000958588957055215,0.0040260736196319,0.000958588957055215,0.00555981595092025,0.000958588957055215,0.125191717791411,0.104486196319018,0.00632668711656442,0.00172546012269939,0.0116947852760736,0.0040260736196319,0.0101610429447853
"41",0.00961538461538462,0.00961538461538462,0.571153846153846,0.00961538461538462,0.00961538461538462,0.00961538461538462,0.00961538461538462,0.00961538461538462,0.00961538461538462,0.00961538461538462,0.0173076923076923,0.00961538461538462,0.00961538461538462,0.0173076923076923,0.00961538461538462,0.00961538461538462,0.00961538461538462,0.00961538461538462,0.0173076923076923,0.00961538461538462,0.00961538461538462,0.00961538461538462,0.00961538461538462,0.00961538461538462,0.00961538461538462,0.0173076923076923,0.00961538461538462,0.00961538461538462,0.00961538461538462,0.00961538461538462,0.0173076923076923,0.025,0.00961538461538462,0.00961538461538462,0.00961538461538462,0.00961538461538462,0.00961538461538462,0.00961538461538462,0.00961538461538462,0.00961538461538462
"42",0.000842065868263473,0.000467814371257485,0.00196482035928144,0.000467814371257485,0.000467814371257485,0.000467814371257485,0.00159056886227545,0.000467814371257485,0.00121631736526946,0.00121631736526946,0.00121631736526946,0.000467814371257485,0.000467814371257485,0.000467814371257485,0.000467814371257485,0.000467814371257485,0.000467814371257485,0.000467814371257485,0.000467814371257485,0.000467814371257485,0.000467814371257485,0.000467814371257485,0.000467814371257485,0.000467814371257485,0.00121631736526946,0.000467814371257485,0.000467814371257485,0.000467814371257485,0.00159056886227545,0.000467814371257485,0.971650449101796,0.00159056886227545,0.00159056886227545,0.000842065868263473,0.000467814371257485,0.000842065868263473,0.000467814371257485,0.000467814371257485,0.000467814371257485,0.000467814371257485
"43",0.00128330481544855,0.0966145196773405,0.000305548765582987,0.0636152529943779,0.0169274016132975,0.000305548765582987,0.000305548765582987,0.000305548765582987,0.0325714984111464,0.00323881691517966,0.000305548765582987,0.00592764605230995,0.036726961623075,0.0254827670496211,0.0482155952089954,0.00886091420190662,0.066792960156441,0.0763260816426302,0.000549987778049377,0.0817037399168907,0.0704595453434368,0.0753483255927646,0.00152774382791494,0.051148863358592,0.0152163285260328,0.000305548765582987,0.000305548765582987,0.00983867025177218,0.000305548765582987,0.00103886580298216,0.000305548765582987,0.0315937423612809,0.00372769494011244,0.0452823270593987,0.0579931557076509,0.0149718895135664,0.00177218284038132,0.000794426790515766,0.0117941823515033,0.0399046687851381
"44",0.0173076923076923,0.00961538461538462,0.594230769230769,0.00961538461538462,0.00961538461538462,0.00961538461538462,0.00961538461538462,0.00961538461538462,0.00961538461538462,0.00961538461538462,0.00961538461538462,0.00961538461538462,0.00961538461538462,0.00961538461538462,0.00961538461538462,0.00961538461538462,0.00961538461538462,0.00961538461538462,0.00961538461538462,0.00961538461538462,0.00961538461538462,0.00961538461538462,0.00961538461538462,0.00961538461538462,0.0173076923076923,0.00961538461538462,0.0173076923076923,0.0173076923076923,0.00961538461538462,0.00961538461538462,0.00961538461538462,0.00961538461538462,0.00961538461538462,0.00961538461538462,0.00961538461538462,0.00961538461538462,0.00961538461538462,0.00961538461538462,0.00961538461538462,0.00961538461538462
"45",0.00876010781671159,0.00336927223719677,0.121967654986523,0.00336927223719677,0.0464959568733154,0.00876010781671159,0.011455525606469,0.0599730458221024,0.00336927223719677,0.00606469002695418,0.186657681940701,0.0842318059299191,0.00336927223719677,0.00606469002695418,0.011455525606469,0.00876010781671159,0.00336927223719677,0.00336927223719677,0.0545822102425876,0.00336927223719677,0.00606469002695418,0.00336927223719677,0.0195417789757412,0.00336927223719677,0.00606469002695418,0.0518867924528302,0.00876010781671159,0.00606469002695418,0.057277628032345,0.0195417789757412,0.00876010781671159,0.011455525606469,0.00336927223719677,0.00336927223719677,0.00336927223719677,0.0653638814016173,0.00876010781671159,0.043800539083558,0.0249326145552561,0.00606469002695418
"46",0.0119047619047619,0.0976190476190476,0.0119047619047619,0.0119047619047619,0.0119047619047619,0.0119047619047619,0.0119047619047619,0.0119047619047619,0.0119047619047619,0.0119047619047619,0.0119047619047619,0.0119047619047619,0.0119047619047619,0.0119047619047619,0.0119047619047619,0.0119047619047619,0.030952380952381,0.0119047619047619,0.0119047619047619,0.0119047619047619,0.0404761904761905,0.383333333333333,0.0119047619047619,0.0119047619047619,0.0214285714285714,0.0119047619047619,0.0119047619047619,0.0119047619047619,0.0119047619047619,0.0119047619047619,0.0119047619047619,0.0119047619047619,0.0119047619047619,0.0214285714285714,0.0119047619047619,0.0119047619047619,0.0119047619047619,0.0119047619047619,0.0119047619047619,0.0119047619047619
"47",0.00127551020408163,0.00229591836734694,0.00229591836734694,0.00127551020408163,0.00127551020408163,0.00331632653061224,0.00331632653061224,0.00535714285714286,0.00535714285714286,0.00331632653061224,0.00535714285714286,0.0114795918367347,0.00127551020408163,0.00127551020408163,0.00637755102040816,0.00535714285714286,0.00229591836734694,0.565561224489796,0.00229591836734694,0.00331632653061224,0.00127551020408163,0.299234693877551,0.00127551020408163,0.00127551020408163,0.00229591836734694,0.00127551020408163,0.00433673469387755,0.00433673469387755,0.00331632653061224,0.00637755102040816,0.00127551020408163,0.00943877551020408,0.00229591836734694,0.0104591836734694,0.00739795918367347,0.00127551020408163,0.00127551020408163,0.00127551020408163,0.00331632653061224,0.00331632653061224
"48",0.00228426395939086,0.0083756345177665,0.0032994923857868,0.0032994923857868,0.0032994923857868,0.00228426395939086,0.00126903553299492,0.00126903553299492,0.00532994923857868,0.00126903553299492,0.0144670050761421,0.00126903553299492,0.00126903553299492,0.00126903553299492,0.0256345177664975,0.00532994923857868,0.0032994923857868,0.580964467005076,0.00431472081218274,0.00126903553299492,0.00431472081218274,0.266243654822335,0.00634517766497462,0.00126903553299492,0.00228426395939086,0.00228426395939086,0.00431472081218274,0.00228426395939086,0.00126903553299492,0.00431472081218274,0.00126903553299492,0.00431472081218274,0.00126903553299492,0.0124365482233503,0.00126903553299492,0.0032994923857868,0.00228426395939086,0.00228426395939086,0.0032994923857868,0.00228426395939086
"49",0.0074582338902148,0.00865155131264916,0.00626491646778043,0.00268496420047733,0.00387828162291169,0.014618138424821,0.00268496420047733,0.00268496420047733,0.00626491646778043,0.00149164677804296,0.00149164677804296,0.00507159904534606,0.00149164677804296,0.0158114558472554,0.00268496420047733,0.00387828162291169,0.00268496420047733,0.236575178997613,0.00984486873508353,0.00626491646778043,0.00387828162291169,0.481205250596659,0.00507159904534606,0.00387828162291169,0.00865155131264916,0.00387828162291169,0.00387828162291169,0.00268496420047733,0.00865155131264916,0.014618138424821,0.00507159904534606,0.0181980906921241,0.00507159904534606,0.0420644391408115,0.00149164677804296,0.0193914081145585,0.00865155131264916,0.00149164677804296,0.00149164677804296,0.0181980906921241
"50",0.000674727410126309,0.0005667710245061,0.000134945482025262,0.0005667710245061,0.000134945482025262,0.000242901867645471,0.000134945482025262,0.000134945482025262,0.000134945482025262,0.000242901867645471,0.000242901867645471,0.000242901867645471,0.000350858253265681,0.00110655295260715,0.623906941595595,0.000134945482025262,0.00045881463888589,0.00045881463888589,0.000242901867645471,0.000350858253265681,0.00186224765194861,0.363084313937169,0.00045881463888589,0.0005667710245061,0.000350858253265681,0.000350858253265681,0.000242901867645471,0.00045881463888589,0.000134945482025262,0.000134945482025262,0.000350858253265681,0.000134945482025262,0.000134945482025262,0.000134945482025262,0.000134945482025262,0.000134945482025262,0.000134945482025262,0.000242901867645471,0.000350858253265681,0.000134945482025262
"51",0.00433333333333333,0.00166666666666667,0.011,0.0363333333333333,0.00166666666666667,0.00166666666666667,0.00566666666666667,0.007,0.00833333333333333,0.00833333333333333,0.00433333333333333,0.0176666666666667,0.00166666666666667,0.00433333333333333,0.0203333333333333,0.0123333333333333,0.0123333333333333,0.00966666666666667,0.00166666666666667,0.00166666666666667,0.00966666666666667,0.548333333333333,0.003,0.015,0.0363333333333333,0.00166666666666667,0.00166666666666667,0.00566666666666667,0.003,0.00166666666666667,0.00166666666666667,0.003,0.00566666666666667,0.153666666666667,0.003,0.00166666666666667,0.00566666666666667,0.0123333333333333,0.00433333333333333,0.011
"52",0.00349506578947368,0.00596217105263158,0.00185032894736842,0.00760690789473684,0.00185032894736842,0.00513980263157895,0.00267269736842105,0.01171875,0.00267269736842105,0.0594161184210526,0.00431743421052632,0.00431743421052632,0.00431743421052632,0.00842927631578947,0.00102796052631579,0.00678453947368421,0.00513980263157895,0.0289884868421053,0.0100740131578947,0.00267269736842105,0.00102796052631579,0.528166118421053,0.0133634868421053,0.00102796052631579,0.00760690789473684,0.00842927631578947,0.00267269736842105,0.00596217105263158,0.0108963815789474,0.00760690789473684,0.00102796052631579,0.00102796052631579,0.00431743421052632,0.120271381578947,0.0199424342105263,0.00185032894736842,0.00349506578947368,0.00431743421052632,0.00596217105263158,0.0725740131578947
"53",0.00225631768953069,0.00586642599277978,0.00225631768953069,0.00767148014440433,0.00225631768953069,0.00225631768953069,0.00586642599277978,0.00225631768953069,0.00225631768953069,0.117779783393502,0.00406137184115523,0.0203068592057762,0.00767148014440433,0.00225631768953069,0.00586642599277978,0.00767148014440433,0.00225631768953069,0.00767148014440433,0.00586642599277978,0.00225631768953069,0.00225631768953069,0.399368231046931,0.00586642599277978,0.00947653429602888,0.013086642599278,0.00767148014440433,0.0148916967509025,0.00225631768953069,0.00225631768953069,0.0275270758122744,0.00225631768953069,0.013086642599278,0.0112815884476534,0.134025270758123,0.00406137184115523,0.00225631768953069,0.00406137184115523,0.00406137184115523,0.00225631768953069,0.121389891696751
"54",0.00239206534422404,0.380921820303384,0.000758459743290548,0.000991831971995333,0.000991831971995333,0.00192532088681447,0.000758459743290548,0.000991831971995333,0.0014585764294049,0.000758459743290548,0.000525087514585764,0.000758459743290548,0.000758459743290548,0.00332555425904317,0.0014585764294049,0.000525087514585764,0.0490665110851809,0.00519253208868145,0.00122520420070012,0.0462660443407235,0.0014585764294049,0.47147024504084,0.00215869311551925,0.000758459743290548,0.00659276546091015,0.000991831971995333,0.00215869311551925,0.000525087514585764,0.000758459743290548,0.000525087514585764,0.00029171528588098,0.00332555425904317,0.000991831971995333,0.00029171528588098,0.0014585764294049,0.00192532088681447,0.000758459743290548,0.000758459743290548,0.00029171528588098,0.0014585764294049
"55",0.000173664711330658,0.00133142945353504,9.64803951836987e-05,9.64803951836987e-05,0.000482401975918493,0.000328033343624575,9.64803951836987e-05,0.000250849027477617,9.64803951836987e-05,9.64803951836987e-05,9.64803951836987e-05,0.000173664711330658,0.000482401975918493,0.00133142945353504,0.106224915097252,9.64803951836987e-05,0.000559586292065452,0.000173664711330658,9.64803951836987e-05,0.000482401975918493,0.436573788206236,0.446067459092312,0.000173664711330658,0.000791139240506329,0.000868323556653288,0.000405217659771534,0.000173664711330658,0.000173664711330658,0.000250849027477617,0.000482401975918493,0.000250849027477617,9.64803951836987e-05,9.64803951836987e-05,9.64803951836987e-05,9.64803951836987e-05,0.000173664711330658,9.64803951836987e-05,0.000173664711330658,9.64803951836987e-05,9.64803951836987e-05
"56",0.0112847222222222,0.0078125,0.0182291666666667,0.0946180555555556,0.0078125,0.0147569444444444,0.0112847222222222,0.0112847222222222,0.0078125,0.0112847222222222,0.00434027777777778,0.00434027777777778,0.00434027777777778,0.00434027777777778,0.0078125,0.00434027777777778,0.0147569444444444,0.0078125,0.00434027777777778,0.00434027777777778,0.0078125,0.462673611111111,0.0112847222222222,0.0286458333333333,0.0217013888888889,0.0112847222222222,0.00434027777777778,0.00434027777777778,0.00434027777777778,0.0217013888888889,0.00434027777777778,0.0112847222222222,0.0112847222222222,0.0633680555555556,0.0078125,0.0112847222222222,0.00434027777777778,0.00434027777777778,0.0112847222222222,0.0355902777777778
"57",0.00184031710079275,0.00240656851642129,0.00184031710079275,0.0369479048697622,0.00184031710079275,0.00297281993204983,0.00184031710079275,0.000707814269535674,0.00580407701019253,0.00637032842582106,0.00353907134767837,0.000707814269535674,0.00523782559456399,0.00410532276330691,0.000707814269535674,0.00410532276330691,0.00184031710079275,0.0188278595696489,0.000707814269535674,0.00184031710079275,0.00410532276330691,0.54940543601359,0.000707814269535674,0.012599093997735,0.00637032842582106,0.00127406568516421,0.00127406568516421,0.00240656851642129,0.00240656851642129,0.00240656851642129,0.00127406568516421,0.141138165345413,0.00184031710079275,0.0109003397508494,0.140571913929785,0.00410532276330691,0.00127406568516421,0.00523782559456399,0.00353907134767837,0.00297281993204983
"58",0.0144444444444444,0.00555555555555556,0.0188888888888889,0.00555555555555556,0.00555555555555556,0.00555555555555556,0.01,0.0233333333333333,0.0188888888888889,0.01,0.00555555555555556,0.0188888888888889,0.01,0.00555555555555556,0.00555555555555556,0.00555555555555556,0.00555555555555556,0.156666666666667,0.01,0.00555555555555556,0.01,0.365555555555556,0.00555555555555556,0.0455555555555556,0.0144444444444444,0.01,0.0233333333333333,0.00555555555555556,0.00555555555555556,0.01,0.00555555555555556,0.0322222222222222,0.00555555555555556,0.01,0.0677777777777778,0.00555555555555556,0.00555555555555556,0.0144444444444444,0.00555555555555556,0.00555555555555556
"59",0.0507662835249042,0.0162835249042146,0.0124521072796935,0.0201149425287356,0.00862068965517241,0.0124521072796935,0.0124521072796935,0.0124521072796935,0.0622605363984674,0.00862068965517241,0.0124521072796935,0.00478927203065134,0.00862068965517241,0.0124521072796935,0.00862068965517241,0.00478927203065134,0.00478927203065134,0.119731800766284,0.00478927203065134,0.0124521072796935,0.00478927203065134,0.326628352490421,0.00862068965517241,0.0584291187739464,0.00862068965517241,0.0124521072796935,0.00478927203065134,0.00478927203065134,0.00478927203065134,0.0201149425287356,0.00478927203065134,0.0124521072796935,0.00862068965517241,0.00478927203065134,0.0469348659003831,0.0162835249042146,0.00478927203065134,0.00862068965517241,0.0239463601532567,0.00478927203065134
"60",0.00186226816661599,0.00125418060200669,0.00338248707813925,0.490460626330192,0.00277439951352995,0.00125418060200669,0.00125418060200669,0.000494071146245059,0.000646093037397385,0.00277439951352995,0.00155822438431134,0.000950136819702037,0.00444664031620553,0.00186226816661599,0.0024703557312253,0.000950136819702037,0.00262237762237762,0.00870325326847066,0.00140620249315901,0.000342049255092733,0.000494071146245059,0.442421708726057,0.000950136819702037,0.00110215871085436,0.000190027363940407,0.00110215871085436,0.00171024627546367,0.00277439951352995,0.000342049255092733,0.00383855275159623,0.000190027363940407,0.00338248707813925,0.00110215871085436,0.000342049255092733,0.000798114928549711,0.00186226816661599,0.00323046518698693,0.00155822438431134,0.000798114928549711,0.000342049255092733
"61",0.000403382852055862,0.000125187781672509,0.000514660880209203,0.0409642241139487,0.00023646580982585,0.000125187781672509,0.000125187781672509,0.000514660880209203,0.000681577922439214,0.0018499972180493,0.000737216936515885,0.000959772992822567,0.000681577922439214,6.95487675958382e-05,0.000848494964669226,0.000570299894285873,6.95487675958382e-05,0.00268458242919935,0.000347743837979191,0.00173871918989595,0.00023646580982585,0.501989094753241,0.000570299894285873,0.000570299894285873,0.000403382852055862,0.000180826795749179,0.00140488510543593,0.000570299894285873,0.000180826795749179,0.00023646580982585,6.95487675958382e-05,0.00123796806320592,6.95487675958382e-05,0.00307405552773605,0.432774161241863,0.00023646580982585,0.000625938908362544,0.000180826795749179,0.000125187781672509,0.00101541200689924
"62",0.00174969123095924,0.00174969123095924,0.00092630712227254,0.0301564429806505,0.000514615067929189,0.000514615067929189,0.000514615067929189,0.00092630712227254,0.00216138328530259,0.00092630712227254,0.00092630712227254,0.00092630712227254,0.00092630712227254,0.000514615067929189,0.00092630712227254,0.000514615067929189,0.0046315356113627,0.115788390284068,0.00092630712227254,0.003808151502676,0.00092630712227254,0.553828736105393,0.00092630712227254,0.00133799917661589,0.00133799917661589,0.00092630712227254,0.00339645944833265,0.0029847673939893,0.00092630712227254,0.00133799917661589,0.00133799917661589,0.00833676410045286,0.003808151502676,0.00216138328530259,0.0363318237958007,0.000514615067929189,0.00092630712227254,0.000514615067929189,0.205948950185261,0.00216138328530259
"63",0.00255972696245734,0.0116609783845279,0.00483503981797497,0.00142207053469852,0.0071103526734926,0.0116609783845279,0.00142207053469852,0.00369738339021615,0.00597269624573379,0.00142207053469852,0.00255972696245734,0.00142207053469852,0.0503412969283276,0.00483503981797497,0.0127986348122867,0.00142207053469852,0.00597269624573379,0.023037542662116,0.00824800910125142,0.0127986348122867,0.00369738339021615,0.470136518771331,0.00597269624573379,0.274459613196815,0.00597269624573379,0.00369738339021615,0.00142207053469852,0.00483503981797497,0.00255972696245734,0.00369738339021615,0.00142207053469852,0.00255972696245734,0.00255972696245734,0.00255972696245734,0.0071103526734926,0.00142207053469852,0.00255972696245734,0.00938566552901024,0.00255972696245734,0.0162116040955631
"64",0.0129576203740549,0.00281038599283725,0.000124353362514922,0.392384600079586,0.0019150417827298,0.000422801432550736,0.00251193792280143,0.00589434938320732,0.00161659371269399,0.00161659371269399,0.00221348985276562,0.00181555909271787,0.00330779944289694,0.000323318742538798,0.0113658973338639,0.00350676482292081,0.00241245523278949,0.0332520891364902,0.000920214882610426,0.00022383605252686,0.000422801432550736,0.474059888579387,0.00629228014325507,0.0019150417827298,0.00151711102268205,0.00290986868284918,0.00181555909271787,0.00201452447274174,0.00141762833267012,0.00201452447274174,0.000323318742538798,0.0120622761639475,0.00241245523278949,0.000522284122562674,0.00072124950258655,0.00141762833267012,0.00251193792280143,0.00171607640270593,0.00101969757262236,0.00131814564265818
"65",0.00118371212121212,0.00307765151515152,0.00213068181818182,0.0134943181818182,0.421638257575758,0.00213068181818182,0.0078125,0.00118371212121212,0.00307765151515152,0.00591856060606061,0.00307765151515152,0.00213068181818182,0.00118371212121212,0.00970643939393939,0.00497159090909091,0.00213068181818182,0.029592803030303,0.0068655303030303,0.00402462121212121,0.00118371212121212,0.00213068181818182,0.389441287878788,0.00591856060606061,0.0068655303030303,0.00118371212121212,0.00402462121212121,0.00118371212121212,0.0068655303030303,0.00497159090909091,0.00213068181818182,0.00307765151515152,0.00307765151515152,0.00591856060606061,0.0068655303030303,0.00213068181818182,0.00118371212121212,0.00118371212121212,0.00213068181818182,0.00118371212121212,0.0220170454545455
"66",0.00254237288135593,0.0115819209039548,0.00367231638418079,0.00141242937853107,0.00141242937853107,0.00706214689265537,0.00141242937853107,0.00141242937853107,0.00480225988700565,0.00480225988700565,0.00367231638418079,0.179943502824859,0.00593220338983051,0.00593220338983051,0.00254237288135593,0.00141242937853107,0.00819209039548023,0.16638418079096,0.00367231638418079,0.00706214689265537,0.00254237288135593,0.498587570621469,0.00480225988700565,0.00254237288135593,0.00480225988700565,0.00367231638418079,0.00254237288135593,0.00141242937853107,0.00367231638418079,0.00367231638418079,0.00141242937853107,0.00480225988700565,0.00480225988700565,0.00706214689265537,0.00141242937853107,0.00367231638418079,0.00706214689265537,0.00480225988700565,0.00480225988700565,0.00706214689265537
"67",0.00115411931818182,0.000443892045454545,0.000799005681818182,0.00577059659090909,0.000799005681818182,0.000443892045454545,0.000799005681818182,0.000443892045454545,0.429776278409091,0.000443892045454545,0.00115411931818182,0.00115411931818182,0.00221946022727273,0.000799005681818182,0.00115411931818182,0.00150923295454545,0.00115411931818182,0.0711115056818182,0.000443892045454545,0.00577059659090909,0.00115411931818182,0.442560369318182,0.000799005681818182,0.00435014204545455,0.00506036931818182,0.000443892045454545,0.000443892045454545,0.00186434659090909,0.000443892045454545,0.00257457386363636,0.000443892045454545,0.000443892045454545,0.00328480113636364,0.00221946022727273,0.00150923295454545,0.000799005681818182,0.000443892045454545,0.00150923295454545,0.000799005681818182,0.00150923295454545
"68",0.00261044176706827,0.0034136546184739,0.00100401606425703,0.00502008032128514,0.00100401606425703,0.00180722891566265,0.00421686746987952,0.00502008032128514,0.243574297188755,0.00100401606425703,0.00261044176706827,0.00100401606425703,0.00180722891566265,0.00180722891566265,0.00100401606425703,0.00502008032128514,0.00261044176706827,0.0829317269076305,0.00100401606425703,0.00983935742971888,0.00100401606425703,0.518273092369478,0.00421686746987952,0.0652610441767068,0.00100401606425703,0.00100401606425703,0.00180722891566265,0.00100401606425703,0.00100401606425703,0.00100401606425703,0.00100401606425703,0.00582329317269076,0.00662650602409639,0.00261044176706827,0.00180722891566265,0.00100401606425703,0.00180722891566265,0.0034136546184739,0.00100401606425703,0.00100401606425703
"69",0.000905218317358892,0.00133120340788072,0.00154419595314164,0.12912673056443,0.00175718849840256,0.000479233226837061,0.00175718849840256,0.00282215122470714,0.000692225772097977,0.00133120340788072,0.00324813631522897,0.000905218317358892,0.000692225772097977,0.000692225772097977,0.00111821086261981,0.000479233226837061,0.000692225772097977,0.239243876464324,0.00133120340788072,0.00282215122470714,0.00218317358892439,0.4290202342918,0.00303514376996805,0.000479233226837061,0.000266240681576145,0.00218317358892439,0.00388711395101171,0.000692225772097977,0.000266240681576145,0.000692225772097977,0.000905218317358892,0.00133120340788072,0.00282215122470714,0.00282215122470714,0.00623003194888179,0.00218317358892439,0.140841320553781,0.000692225772097977,0.00495207667731629,0.00154419595314164
"70",0.039916246788348,0.00945143314758584,0.0361123160599286,0.0150905936134005,0.040283292735827,0.0292719143114552,0.038848476759318,0.0413176949514498,0.0184941105809336,0.0350445460308986,0.0391487870799826,0.0369465113951083,0.00447962894991491,0.0103189962961727,0.0055807667923521,0.0339767760018686,0.000542226967866796,0.000475491341052421,0.0382812239313958,0.00394574393539991,0.00327838766725616,0.000208548833794921,0.0398161433481264,0.00678200807501084,0.0191948346624846,0.0411174880710067,0.0433197637558811,0.0323751209583236,0.0362124195001502,0.0438202809569889,0.000241916647202109,0.022831926323868,0.0365794654476292,0.00588107711301678,0.029071707431012,0.0298391671393774,0.0415512696453001,0.0365794654476292,0.0369465113951083,0.0168257199105743
"71",0.00175692434890451,0.00630425795783382,0.00217031831335263,0.00175692434890451,0.00175692434890451,0.00217031831335263,0.00713104588673005,0.000930136420008268,0.00258371227780074,0.0232534105002067,0.00341050020669698,0.00258371227780074,0.0149855312112443,0.000930136420008268,0.0125051674245556,0.00465068210004134,0.00175692434890451,0.00258371227780074,0.00423728813559322,0.00713104588673005,0.00630425795783382,0.526353865233568,0.00217031831335263,0.00795783381562629,0.00175692434890451,0.00134353038445639,0.0145721372467962,0.00134353038445639,0.000516742455560149,0.00837122778007441,0.000516742455560149,0.0038238941711451,0.00175692434890451,0.260128152128979,0.00299710624224886,0.00134353038445639,0.00299710624224886,0.00671765192228193,0.000930136420008268,0.0435097147581645
"72",0.00337837837837838,0.00187687687687688,0.00187687687687688,0.00337837837837838,0.00187687687687688,0.00788288288288288,0.00337837837837838,0.00187687687687688,0.00788288288288288,0.0274024024024024,0.00487987987987988,0.00337837837837838,0.00487987987987988,0.00788288288288288,0.00337837837837838,0.00187687687687688,0.00638138138138138,0.00487987987987988,0.00938438438438438,0.0243993993993994,0.00337837837837838,0.494369369369369,0.0108858858858859,0.00337837837837838,0.00337837837837838,0.0108858858858859,0.0108858858858859,0.00337837837837838,0.0108858858858859,0.00938438438438438,0.00187687687687688,0.00187687687687688,0.00487987987987988,0.179054054054054,0.00638138138138138,0.00638138138138138,0.0138888888888889,0.00337837837837838,0.00337837837837838,0.085960960960961
